Kode Kemendagri,Kode Provinsi,Provinsi,Jenis,Nama Kabupaten/Kota,Ibu Kota,Latitude,Longitude,Elevasi (m),Zona Waktu (UTC+),Luas (km²),Penduduk,Catatan
11.01,11,Aceh,Kabupaten,Kabupaten Aceh Selatan,Tapak Tuan,3.254802,97.174112,19.0,7,4174.211,239629,
11.02,11,Aceh,Kabupaten,Kabupaten Aceh Tenggara,Kutacane,3.47336,97.819243,168.0,7,4179.123,235589,
11.03,11,Aceh,Kabupaten,Kabupaten Aceh Timur,Idi Rayeuk,4.932737,97.783844,10.0,7,5409.158,461391,
11.04,11,Aceh,Kabupaten,Kabupaten Aceh Tengah,Takengon,4.622057,96.845668,1262.0,7,4468.417,232606,
11.05,11,Aceh,Kabupaten,Kabupaten Aceh Barat,Meulaboh,4.15301,96.131441,5.0,7,2782.606,209220,
11.06,11,Aceh,Kabupaten,Kabupaten Aceh Besar,Kota Jantho,5.29734,95.610871,136.0,7,2891.227,442987,
11.07,11,Aceh,Kabupaten,Kabupaten Pidie,Sigli,5.3676,95.95788,6.0,7,3177.063,451076,
11.08,11,Aceh,Kabupaten,Kabupaten Aceh Utara,Lhoksukon,5.075716,97.302624,7.0,7,2705.045,641007,
11.09,11,Aceh,Kabupaten,Kabupaten Simeulue,Sinabang,2.461413,96.380377,8.0,7,1828.851,96812,
11.10,11,Aceh,Kabupaten,Kabupaten Aceh Singkil,Singkil,2.271094,97.815325,4.0,7,,140461,
11.11,11,Aceh,Kabupaten,Kabupaten Bireuen,Bireuen,5.207565,96.726403,16.0,7,1796.959,468696,
11.12,11,Aceh,Kabupaten,Kabupaten Aceh Barat Daya,Blangpidie,3.739103,96.851505,26.0,7,1882.054,156128,
11.13,11,Aceh,Kabupaten,Kabupaten Gayo Lues,Blang Kejeren,3.993465,97.324502,1001.0,7,5541.285,107506,
11.14,11,Aceh,Kabupaten,Kabupaten Aceh Jaya,Calang,4.624132,95.616812,9.0,7,3870.566,101407,
11.15,11,Aceh,Kabupaten,Kabupaten Nagan Raya,Suka Makmue,4.169427,96.324374,37.0,7,3523.283,181103,
11.16,11,Aceh,Kabupaten,Kabupaten Aceh Tamiang,Karang Baru,4.301276,98.045715,11.0,7,2187.817,312061,
11.17,11,Aceh,Kabupaten,Kabupaten Bener Meriah,Simpang Tiga Redelong,4.702762,96.861953,1337.0,7,1907.399,181376,
11.18,11,Aceh,Kabupaten,Kabupaten Pidie Jaya,Meureudu,5.228899,96.244757,8.0,7,938.868,166517,
11.71,11,Aceh,Kota,Kota Banda Aceh,Banda Aceh,5.55005,95.317827,11.0,7,56.835,265310,
11.72,11,Aceh,Kota,Kota Sabang,Sabang,5.892656,95.321117,38.0,7,121.867,42793,
11.73,11,Aceh,Kota,Kota Lhokseumawe,Lhokseumawe,5.179364,97.14894,3.0,7,132.966,198705,
11.74,11,Aceh,Kota,Kota Langsa,Langsa,4.469482,97.966446,7.0,7,224.203,183914,
11.75,11,Aceh,Kota,Kota Subulussalam,Subulussalam,2.670792,97.993012,73.0,7,1183.601,107185,
12.01,12,Sumatera Utara,Kabupaten,Kabupaten Tapanuli Tengah,Pandan,1.68469,98.827717,6.0,7,2307.716,369482,
12.02,12,Sumatera Utara,Kabupaten,Kabupaten Tapanuli Utara,Tarutung,2.02185,98.961791,978.0,7,3895.604,331475,
12.03,12,Sumatera Utara,Kabupaten,Kabupaten Tapanuli Selatan,Sipirok,1.519662,99.302843,892.0,7,4201.354,324565,
12.04,12,Sumatera Utara,Kabupaten,Kabupaten Nias,Gido,1.241755,97.649918,52.0,7,902.599,147989,
12.05,12,Sumatera Utara,Kabupaten,Kabupaten Langkat,Stabat,3.742686,98.447535,14.0,7,6142.072,1120709,
12.06,12,Sumatera Utara,Kabupaten,Kabupaten Karo,Kabanjahe,3.11068,98.501335,1221.0,7,2206.876,422495,
12.07,12,Sumatera Utara,Kabupaten,Kabupaten Deli Serdang,Lubuk Pakam,3.550719,98.866442,18.0,7,2581.482,2080408,
12.08,12,Sumatera Utara,Kabupaten,Kabupaten Simalungun,Raya,2.965349,98.8621,993.0,7,4601.477,1004303,
12.09,12,Sumatera Utara,Kabupaten,Kabupaten Asahan,Kisaran,2.988106,99.612836,20.0,7,3738.42,799451,
12.10,12,Sumatera Utara,Kabupaten,Kabupaten Labuhanbatu,Rantau Prapat,2.07009,99.857086,34.0,7,,513010,
12.11,12,Sumatera Utara,Kabupaten,Kabupaten Dairi,Sidikalang,2.747967,98.313969,1066.0,7,2083.604,333335,
12.12,12,Sumatera Utara,Kabupaten,Kabupaten Toba,Balige,2.331801,99.051021,960.0,7,2291.616,220508,
12.13,12,Sumatera Utara,Kabupaten,Kabupaten Mandailing Natal,Panyabungan,0.796726,99.578809,291.0,7,6546.567,501618,
12.14,12,Sumatera Utara,Kabupaten,Kabupaten Nias Selatan,Teluk Dalam,0.583377,97.777885,35.0,7,2531.59,369817,
12.15,12,Sumatera Utara,Kabupaten,Kabupaten Pakpak Bharat,Salak,2.541054,98.322589,1026.0,7,1365.607,57280,
12.16,12,Sumatera Utara,Kabupaten,Kabupaten Humbang Hasundutan,Dolok Sanggul,2.250279,98.790454,1530.0,7,2351.514,211022,
12.17,12,Sumatera Utara,Kabupaten,Kabupaten Samosir,Pangururan,2.559871,98.722389,917.0,7,1850.035,149875,
12.18,12,Sumatera Utara,Kabupaten,Kabupaten Serdang Bedagai,Sei Rampah,3.491265,99.12592,6.0,7,1949.978,696845,
12.19,12,Sumatera Utara,Kabupaten,Kabupaten Batu Bara,Limapuluh,3.171775,99.420981,26.0,7,888.676,474832,
12.20,12,Sumatera Utara,Kabupaten,Kabupaten Padang Lawas Utara,Gunung Tua,1.494549,99.619709,102.0,7,,273586,
12.21,12,Sumatera Utara,Kabupaten,Kabupaten Padang Lawas,Sibuhuan,1.05559,99.77552,161.0,7,3914.413,271274,
12.22,12,Sumatera Utara,Kabupaten,Kabupaten Labuhanbatu Selatan,Pinang,1.868221,100.041146,30.0,7,3079.61,332459,
12.23,12,Sumatera Utara,Kabupaten,Kabupaten Labuhanbatu Utara,Aek Kanopan,2.562849,99.658069,23.0,7,3687.179,399306,
12.24,12,Sumatera Utara,Kabupaten,Kabupaten Nias Utara,Lotu,1.389322,97.381362,173.0,7,1239.502,153338,
12.25,12,Sumatera Utara,Kabupaten,Kabupaten Nias Barat,Lahomi,0.998963,97.495252,122.0,7,464.65,97526,
12.71,12,Sumatera Utara,Kota,Kota Medan,Medan,3.590246,98.674972,24.0,7,279.239,2546452,
12.72,12,Sumatera Utara,Kota,Kota Pematangsiantar,Pematangsiantar,2.956496,99.061821,402.0,7,75.919,279772,
12.73,12,Sumatera Utara,Kota,Kota Sibolga,Sibolga,1.746021,98.775588,6.0,7,12.645,100282,
12.74,12,Sumatera Utara,Kota,Kota Tanjungbalai,Tanjungbalai,2.947754,99.766719,3.0,7,60.072,187939,
12.75,12,Sumatera Utara,Kota,Kota Binjai,Binjai,3.602977,98.483181,36.0,7,93.77,315609,
12.76,12,Sumatera Utara,Kota,Kota Tebing Tinggi,Tebing Tinggi,3.327565,99.166318,25.0,7,39.17,184064,
12.77,12,Sumatera Utara,Kota,Kota Padangsidimpuan,Padangsidimpuan,1.377645,99.271446,309.0,7,159.298,231982,
12.78,12,Sumatera Utara,Kota,Kota Gunungsitoli,Gunungsitoli,1.282641,97.613463,11.0,7,208.742,138297,
13.01,13,Sumatera Barat,Kabupaten,Kabupaten Pesisir Selatan,Painan,-1.348016,100.577717,6.0,7,6045.676,533786,
13.02,13,Sumatera Barat,Kabupaten,Kabupaten Solok,Arosuka,-0.951571,100.621364,1026.0,7,3590.404,413075,
13.03,13,Sumatera Barat,Kabupaten,Kabupaten Sijunjung,Muaro Sijunjung,-0.665781,100.94461,157.0,7,3150.58,247323,
13.04,13,Sumatera Barat,Kabupaten,Kabupaten Tanah Datar,Batusangkar,-0.474365,100.623418,415.0,7,1377.186,382674,
13.05,13,Sumatera Barat,Kabupaten,Kabupaten Padang Pariaman,Parit Malintang,-0.620998,100.306542,81.0,7,1341.879,458310,
13.06,13,Sumatera Barat,Kabupaten,Kabupaten Agam,Lubuk Basung,-0.315193,100.029656,89.0,7,2225.34,533254,
13.07,13,Sumatera Barat,Kabupaten,Kabupaten Lima Puluh Kota,Sarilamak,-0.152394,100.660738,526.0,7,3273.405,402788,
13.08,13,Sumatera Barat,Kabupaten,Kabupaten Pasaman,Lubuk Sikaping,0.140391,100.166987,449.0,7,3902.444,313837,
13.09,13,Sumatera Barat,Kabupaten,Kabupaten Kepulauan Mentawai,Tuapejat,-2.054156,99.58047,67.0,7,5973.917,97837,
13.10,13,Sumatera Barat,Kabupaten,Kabupaten Dharmasraya,Pulau Punjung,-0.952986,101.494113,120.0,7,2920.925,242192,
13.11,13,Sumatera Barat,Kabupaten,Kabupaten Solok Selatan,Padang Aro,-1.556221,101.239503,559.0,7,3282.144,181525,
13.12,13,Sumatera Barat,Kabupaten,Kabupaten Pasaman Barat,Simpang Ampek,0.110378,99.827787,72.0,7,3851.883,454053,
13.71,13,Sumatera Barat,Kota,Kota Padang,Padang,-0.875877,100.387288,9.0,7,694.315,946982,
13.72,13,Sumatera Barat,Kota,Kota Solok,Solok,-0.799481,100.652782,389.0,7,58.72,85553,
13.73,13,Sumatera Barat,Kota,Kota Sawahlunto,Sawahlunto,-0.675037,100.767501,358.0,7,231.945,68559,
13.74,13,Sumatera Barat,Kota,Kota Padang Panjang,Padangpanjang,-0.462119,100.390399,757.0,7,23.56,63895,
13.75,13,Sumatera Barat,Kota,Kota Bukittinggi,Bukittinggi,-0.285465,100.367807,936.0,7,24.173,141804,
13.76,13,Sumatera Barat,Kota,Kota Payakumbuh,Payakumbuh,-0.222518,100.631978,509.0,7,74.552,149077,
13.77,13,Sumatera Barat,Kota,Kota Pariaman,Pariaman,-0.62899,100.137713,9.0,7,64.626,103835,
14.01,14,Riau,Kabupaten,Kabupaten Kampar,Bangkinang,0.313892,101.017989,104.0,7,10352.803,898973,
14.02,14,Riau,Kabupaten,Kabupaten Indragiri Hulu,Rengat,-0.393003,102.437572,32.0,7,7871.85,487039,
14.03,14,Riau,Kabupaten,Kabupaten Bengkalis,	Bengkalis,1.473192,102.113335,3.0,7,8604.179,681884,
14.04,14,Riau,Kabupaten,Kabupaten Indragiri Hilir,Tembilahan,-0.315191,103.15785,6.0,7,13518.47,713294,
14.05,14,Riau,Kabupaten,Kabupaten Pelalawan,Pangkalan Kerinci,0.383787,101.841958,19.0,7,13256.104,446439,
14.06,14,Riau,Kabupaten,Kabupaten Rokan Hulu,Pasir Pengaraian,0.899709,100.30741,68.0,7,7658.149,586994,
14.07,14,Riau,Kabupaten,Kabupaten Rokan Hilir,Bagansiapiapi,2.099494,100.817651,13.0,7,9068.605,688073,
14.08,14,Riau,Kabupaten,Kabupaten Siak,Siak Sri Indrapura,0.804539,102.020319,18.0,7,7803.566,495760,
14.09,14,Riau,Kabupaten,Kabupaten Kuantan Singingi,Taluk Kuantan,-0.505301,101.538077,114.0,7,5457.863,365989,
14.10,14,Riau,Kabupaten,Kabupaten Kepulauan Meranti,Selatpanjang,1.000703,102.725682,3.0,7,,211997,
14.71,14,Riau,Kota,Kota Pekanbaru,Pekanbaru,0.513419,101.447022,17.0,7,638.331,1167599,
14.72,14,Riau,Kota,Kota Dumai,Dumai,1.605411,101.39166,21.0,7,2061.463,355256,
15.01,15,Jambi,Kabupaten,Kabupaten Kerinci,Siulak,-2.057363,101.388466,841.0,7,3445.196,268951,
15.02,15,Jambi,Kabupaten,Kabupaten  Merangin,Bangko,-2.060061,102.274329,98.0,7,7540.118,397461,
15.03,15,Jambi,Kabupaten,Kabupaten Sarolangun,Sarolangun,-2.313216,102.750412,55.0,7,5935.894,313097,
15.04,15,Jambi,Kabupaten,Kabupaten Batanghari,Muara Bulian,-1.693609,103.272996,17.0,7,5453.689,307361,
15.05,15,Jambi,Kabupaten,Kabupaten  Muaro Jambi,Sengeti,-1.448251,103.515496,32.0,7,5159.623,457238,
15.06,15,Jambi,Kabupaten,Kabupaten Tanjung Jabung Barat,Kuala Tungkal,-0.826701,103.461214,4.0,7,5544.567,336978,
15.07,15,Jambi,Kabupaten,Kabupaten Tanjung Jabung Timur,Muara Sabak,-1.206229,103.790428,27.0,7,4544.575,244905,
15.08,15,Jambi,Kabupaten,Kabupaten Bungo,Muara Bungo,-1.516316,102.118689,105.0,7,4760.827,380027,
15.09,15,Jambi,Kabupaten,Kabupaten Tebo,Muara Tebo,-1.466216,102.358276,71.0,7,6103.737,376541,
15.71,15,Jambi,Kota,Kota Jambi,Jambi,-1.630501,103.60727,22.0,7,169.887,649656,
15.72,15,Jambi,Kota,Kota Sungai Penuh,Sungaipenuh,-2.07091,101.396078,856.0,7,364.924,102224,
16.01,16,Sumatera Selatan,Kabupaten,Kabupaten Ogan Komering Ulu,Baturaja,-4.16571,104.197771,61.0,7,3774.497,390048,
16.02,16,Sumatera Selatan,Kabupaten,Kabupaten Ogan Komering Ilir,Kayu Agung,-3.411646,104.82302,16.0,7,17075.713,801059,"Nama di sumber terpotong (""Kabupaten Ogan Komering""); dikoreksi sesuai sumber pembanding dan ibu kota Kayu Agung"
16.03,16,Sumatera Selatan,Kabupaten,Kabupaten Muara Enim,Muara Enim,-3.65563,103.777004,41.0,7,6763.912,653731,
16.04,16,Sumatera Selatan,Kabupaten,Kabupaten Lahat,Lahat,-3.778186,103.550481,119.0,7,4333.065,448141,
16.05,16,Sumatera Selatan,Kabupaten,Kabupaten Musi Rawas,Muara Beliti Baru,-3.243508,103.011586,67.0,7,6122.588,427723,
16.06,16,Sumatera Selatan,Kabupaten,Kabupaten Musi Banyuasin,Sekayu,-2.888843,103.840229,14.0,7,14550.788,736897,
16.07,16,Sumatera Selatan,Kabupaten,Kabupaten Banyuasin,Pangkalan Balai,-2.916811,104.406642,27.0,7,12258.593,888324,
16.08,16,Sumatera Selatan,Kabupaten,Kabupaten Ogan Komering Ulu Timur,Martapura,-4.368781,104.358447,110.0,7,3412.716,694832,
16.09,16,Sumatera Selatan,Kabupaten,Kabupaten Ogan Komering Ulu Selatan,Muaradua,-4.532324,104.095362,236.0,7,4369.252,406938,
16.10,16,Sumatera Selatan,Kabupaten,Kabupaten Ogan Ilir,Indralaya,-3.260584,104.652535,12.0,7,2302.858,446020,
16.11,16,Sumatera Selatan,Kabupaten,Kabupaten Empat Lawang,Tebing Tinggi,-3.609844,103.102764,177.0,7,2234.097,336783,
16.12,16,Sumatera Selatan,Kabupaten,Kabupaten Penukal Abab Lematang Ilir,Talang Ubi,-3.309874,103.884051,65.0,7,1842.563,214795,
16.13,16,Sumatera Selatan,Kabupaten,Kabupaten Musi Rawas Utara,Rupit,-2.73469,102.901127,39.0,7,5937.803,203688,
16.71,16,Sumatera Selatan,Kota,Kota Palembang,Palembang,-2.991046,104.756751,9.0,7,352.523,1801367,
16.72,16,Sumatera Selatan,Kota,Kota Pagar Alam,Pagar Alam,-4.039322,103.19702,996.0,7,625.913,153271,
16.73,16,Sumatera Selatan,Kota,Kota Lubuk Linggau,Lubuklinggau,-3.325842,102.825387,192.0,7,367.726,247550,
16.74,16,Sumatera Selatan,Kota,Kota Prabumulih,	Kota Prabumulih,-3.368938,104.308426,33.0,7,447.311,213523,
17.01,17,Bengkulu,Kabupaten,Kabupaten Bengkulu Selatan,Manna,-4.439935,102.895202,30.0,7,1219.063,177137,
17.02,17,Bengkulu,Kabupaten,Kabupaten Rejang Lebong,Curup,-3.477964,102.531886,665.0,7,1559.419,288582,
17.03,17,Bengkulu,Kabupaten,Kabupaten Bengkulu Utara,Arga Makmur,-3.436858,102.201786,179.0,7,4478.107,309773,
17.04,17,Bengkulu,Kabupaten,Kabupaten Kaur,Bintuhan,-4.75911,103.3491,54.0,7,2607.839,136533,
17.05,17,Bengkulu,Kabupaten,Kabupaten Seluma,Tais,-4.07763,102.556254,88.0,7,2432.088,216028,
17.06,17,Bengkulu,Kabupaten,Kabupaten Mukomuko,Mukomuko,-2.552763,101.104214,5.0,7,4137.52,205602,
17.07,17,Bengkulu,Kabupaten,Kabupaten Lebong,Muara Aman,-3.157449,102.182847,580.0,7,1666.621,115520,
17.08,17,Bengkulu,Kabupaten,Kabupaten Kepahiang,Kepahiang,-3.625109,102.556345,560.0,7,738.965,151910,
17.09,17,Bengkulu,Kabupaten,Kabupaten Bengkulu Tengah,Karang Tinggi,-3.772855,102.38999,53.0,7,1132.405,126339,
17.71,17,Bengkulu,Kota,Kota Bengkulu,Bengkulu,-3.792845,102.260764,22.0,7,150.183,400533,
18.01,18,Lampung,Kabupaten,Kabupaten Lampung Selatan,Kalianda,-5.717676,105.585348,17.0,7,2227.357,1124683,
18.02,18,Lampung,Kabupaten,Kabupaten Lampung Tengah,Gunung Sugih,-4.977247,105.21014,34.0,7,4559.57,1394395,
18.03,18,Lampung,Kabupaten,Kabupaten Lampung Utara,Kotabumi,-4.82919,104.887445,37.0,7,2669.304,675626,
18.04,18,Lampung,Kabupaten,Kabupaten Lampung Barat,Liwa,-5.018975,104.060763,907.0,7,2110.101,313756,
18.05,18,Lampung,Kabupaten,Kabupaten Tulang Bawang,Menggala,-4.494997,105.220212,21.0,7,3118.613,440040,
18.06,18,Lampung,Kabupaten,Kabupaten Tanggamus,Kota Agung,-5.480675,104.6823,267.0,7,2947.187,641036,
18.07,18,Lampung,Kabupaten,Kabupaten Lampung Timur,Sukadana,-5.048183,105.528255,29.0,7,3860.546,1122605,
18.08,18,Lampung,Kabupaten,Kabupaten Way Kanan,Blambangan Umpu,-4.506182,104.511314,70.0,7,3522.114,495058,
18.09,18,Lampung,Kabupaten,Kabupaten Pesawaran,Gedong Tataan,-5.397533,105.070108,163.0,7,1286.843,501047,
18.10,18,Lampung,Kabupaten,Kabupaten Pringsewu,Pringsewu,-5.344242,105.006402,96.0,7,617.192,444834,
18.11,18,Lampung,Kabupaten,Kabupaten Mesuji,Mesuji,-3.873163,105.427879,17.0,7,2200.414,241280,
18.12,18,Lampung,Kabupaten,Kabupaten Tulang Bawang Barat,Tulang Bawang Tengah,-4.499407,105.1199,41.0,7,1257.088,312516,
18.13,18,Lampung,Kabupaten,Kabupaten Pesisir Barat,Krui,-5.188425,103.934584,6.0,7,2937.496,177430,
18.71,18,Lampung,Kota,Kota Bandar Lampung,Bandar Lampung,-5.429579,105.262568,90.0,7,183.719,1077664,
18.72,18,Lampung,Kota,Kota Metro,Metro,-5.113689,105.306904,62.0,7,73.214,182293,
19.01,19,Kepulauan Bangka Belitung,Kabupaten,Kabupaten Bangka,Sungai Liat,-1.887311,106.104827,26.0,7,3011.435,337755,
19.02,19,Kepulauan Bangka Belitung,Kabupaten,Kabupaten Belitung,Tanjung Pandan,-2.742308,107.654315,37.0,7,2266.107,192405,
19.03,19,Kepulauan Bangka Belitung,Kabupaten,Kabupaten Bangka Selatan,Toboali,-3.019747,106.511747,31.0,7,3595.446,216079,
19.04,19,Kepulauan Bangka Belitung,Kabupaten,Kabupaten Bangka Tengah,Koba,-2.515349,106.415894,20.0,7,2253.854,210684,
19.05,19,Kepulauan Bangka Belitung,Kabupaten,Kabupaten Bangka Barat,Muntok,-2.05861,105.201381,37.0,7,2853.411,217859,
19.06,19,Kepulauan Bangka Belitung,Kabupaten,Kabupaten Belitung Timur,Manggar,-2.883346,108.239304,9.0,7,2585.734,132495,
19.71,19,Kepulauan Bangka Belitung,Kota,Kota Pangkal Pinang,Pangkalpinang,-2.140979,106.115914,15.0,7,104.238,242285,
21.01,21,Kepulauan Riau,Kabupaten,Kabupaten Bintan,Bandar Seri Bentan,1.086704,104.502145,21.0,7,1311.868,180404,
21.02,21,Kepulauan Riau,Kabupaten,Kabupaten Karimun,Tanjung Balai Karimun,1.032978,103.375781,13.0,7,916.331,273946,
21.03,21,Kepulauan Riau,Kabupaten,Kabupaten Natuna,Ranai,3.923444,108.336932,73.0,7,1978.01,84325,
21.04,21,Kepulauan Riau,Kabupaten,Kabupaten Lingga,Daik,-0.209993,104.604659,12.0,7,2173.63,101039,
21.05,21,Kepulauan Riau,Kabupaten,Kabupaten Kepulauan Anambas,Tarempa,3.214546,106.248702,148.0,7,620.622,50922,
21.71,21,Kepulauan Riau,Kota,Kota Batam,Batam,1.128745,104.055333,12.0,7,1020.28,1342038,
21.72,21,Kepulauan Riau,Kota,Kota Tanjung Pinang,Tanjungpinang,0.965343,104.440987,65.0,7,149.634,239216,
31.01,31,Daerah Khusus Ibukota Jakarta,Kabupaten,Kabupaten Administrasi Kepulauan Seribu,Pulau Pramuka,-5.746481,106.61316,8.0,7,10.951,30334,
31.71,31,Daerah Khusus Ibukota Jakarta,Kota,Kota Administrasi Jakarta Pusat,Menteng,-6.172913,106.818696,5.0,7,47.565,1057270,
31.72,31,Daerah Khusus Ibukota Jakarta,Kota,Kota Administrasi Jakarta Utara ,Koja,-6.120028,106.892495,6.0,7,147.534,1832032,
31.73,31,Daerah Khusus Ibukota Jakarta,Kota,Kota Administrasi Jakarta Barat,Kembangan,-6.184335,106.736621,8.0,7,125.0,2556752,
31.74,31,Daerah Khusus Ibukota Jakarta,Kota,Kota Administrasi Jakarta Selatan,Kebayoran Baru,-6.247775,106.807637,16.0,7,144.942,2331411,
31.75,31,Daerah Khusus Ibukota Jakarta,Kota,Kota Administrasi Jakarta Timur,Cakung,-6.213686,106.944008,12.0,7,185.538,3230417,
32.01,32,Jawa Barat,Kabupaten,Kabupaten Bogor,Cibinong,-6.479479,106.824717,134.0,7,2991.778,5809790,
32.02,32,Jawa Barat,Kabupaten,Kabupaten Sukabumi,Palabuhanratu,-6.989165,106.550223,16.0,7,4163.824,2868943,
32.03,32,Jawa Barat,Kabupaten,Kabupaten Cianjur,Cianjur,-6.822746,107.139484,456.0,7,3631.969,2638825,
32.04,32,Jawa Barat,Kabupaten,Kabupaten Bandung,Soreang,-7.021855,107.527551,722.0,7,1740.843,3839721,
32.05,32,Jawa Barat,Kabupaten,Kabupaten Garut,Tarogong Kidul,-7.202672,107.886068,761.0,7,3101.132,2851877,
32.06,32,Jawa Barat,Kabupaten,Kabupaten Tasikmalaya,Singaparna,-7.361039,108.113076,400.0,7,2706.972,1996059,
32.07,32,Jawa Barat,Kabupaten,Kabupaten Ciamis,Ciamis,-7.325899,108.351401,207.0,7,1595.936,1297783,
32.08,32,Jawa Barat,Kabupaten,Kabupaten Kuningan,Kuningan,-6.975865,108.483105,537.0,7,1193.449,1239999,
32.09,32,Jawa Barat,Kabupaten,Kabupaten Cirebon,Sumber,-6.764528,108.47862,69.0,7,1073.772,2489046,
32.10,32,Jawa Barat,Kabupaten,Kabupaten Majalengka,Majalengka,-6.836271,108.227555,130.0,7,1331.553,1369569,
32.11,32,Jawa Barat,Kabupaten,Kabupaten Sumedang,Sumedang Utara,-6.861204,107.920617,463.0,7,1566.204,1226660,
32.12,32,Jawa Barat,Kabupaten,Kabupaten Indramayu,Indramayu,-6.32708,108.323209,4.0,7,2076.266,1980080,
32.13,32,Jawa Barat,Kabupaten,Kabupaten Subang,Subang,-6.571295,107.762353,96.0,7,2168.909,1677628,
32.14,32,Jawa Barat,Kabupaten,Kabupaten Purwakarta,Purwakarta,-6.556212,107.441257,83.0,7,993.092,1063932,
32.15,32,Jawa Barat,Kabupaten,Kabupaten Karawang,Karawang Barat,-6.301616,107.304882,16.0,7,1916.056,2612065,
32.16,32,Jawa Barat,Kabupaten,Kabupaten Bekasi,Cikarang Pusat,-6.247447,107.148452,12.0,7,1255.001,3387601,
32.17,32,Jawa Barat,Kabupaten,Kabupaten Bandung Barat,Ngamprah,-6.865221,107.491977,665.0,7,1283.439,1911661,
32.18,32,Jawa Barat,Kabupaten,Kabupaten Pangandaran,Parigi,-7.615061,108.498827,150.0,7,1128.122,447272,
32.71,32,Jawa Barat,Kota,Kota Bogor,Bogor,-6.595057,106.794112,260.0,7,111.366,1144108,
32.72,32,Jawa Barat,Kota,Kota Sukabumi,Sukabumi,-6.917619,106.931857,626.0,7,48.314,370096,
32.73,32,Jawa Barat,Kota,Kota Bandung,Bandung,-6.910656,107.60987,726.0,7,166.593,2591763,
32.74,32,Jawa Barat,Kota,Kota Cirebon,Cirebon,-6.706735,108.558247,6.0,7,39.398,356629,
32.75,32,Jawa Barat,Kota,Kota Bekasi,Bekasi,-6.236014,106.994248,22.0,7,213.036,2572209,
32.76,32,Jawa Barat,Kota,Kota Depok,Depok,-6.394166,106.822689,89.0,7,199.906,2010912,
32.77,32,Jawa Barat,Kota,Kota Cimahi,Cimahi,-6.870807,107.555159,785.0,7,42.432,581994,
32.78,32,Jawa Barat,Kota,Kota Tasikmalaya,Tasikmalaya,-7.316053,108.197014,381.0,7,182.964,770839,
32.79,32,Jawa Barat,Kota,Kota Banjar,Banjar,-7.362161,108.55959,39.0,7,131.005,209317,
33.01,33,Jawa Tengah,Kabupaten,Kabupaten Cilacap,Cilacap,-7.725599,109.00954,8.0,7,2325.173,2059748,
33.02,33,Jawa Tengah,Kabupaten,Kabupaten Banyumas,Purwokerto,-7.422799,109.230083,83.0,7,1391.153,1868446,
33.03,33,Jawa Tengah,Kabupaten,Kabupaten Purbalingga,Purbalingga,-7.388814,109.364076,61.0,7,805.757,1057750,
33.04,33,Jawa Tengah,Kabupaten,Kabupaten Banjarnegara,Banjarnegara,-7.395695,109.69607,300.0,7,1144.896,1071977,
33.05,33,Jawa Tengah,Kabupaten,Kabupaten Kebumen,Kebumen,-7.668444,109.653716,29.0,7,1333.902,1446833,
33.06,33,Jawa Tengah,Kabupaten,Kabupaten Purworejo,Purworejo,-7.713975,110.008299,69.0,7,1081.763,809651,
33.07,33,Jawa Tengah,Kabupaten,Kabupaten Wonosobo,Wonosobo,-7.358331,109.905163,795.0,7,1011.623,945955,
33.08,33,Jawa Tengah,Kabupaten,Kabupaten Magelang,Mungkid,-7.596984,110.223531,244.0,7,1129.983,1345662,
33.09,33,Jawa Tengah,Kabupaten,Kabupaten Boyolali,Boyolali,-7.545656,110.610596,371.0,7,1096.613,1114070,
33.10,33,Jawa Tengah,Kabupaten,Kabupaten Klaten,Klaten,-7.712385,110.592136,164.0,7,701.511,1302648,
33.11,33,Jawa Tengah,Kabupaten,Kabupaten Sukoharjo,Sukoharjo,-7.664599,110.835868,100.0,7,493.601,916472,
33.12,33,Jawa Tengah,Kabupaten,Kabupaten Wonogiri,Wonogiri,-7.815058,110.925684,142.0,7,1905.823,1057495,
33.13,33,Jawa Tengah,Kabupaten,Kabupaten Karanganyar,Karanganyar,-7.595517,110.93964,154.0,7,802.848,953696,
33.14,33,Jawa Tengah,Kabupaten,Kabupaten Sragen,Sragen,-7.426355,111.023179,93.0,7,994.573,1023538,
33.15,33,Jawa Tengah,Kabupaten,Kabupaten Grobogan,Purwodadi,-7.082059,110.917372,35.0,7,2023.849,1520974,
33.16,33,Jawa Tengah,Kabupaten,Kabupaten Blora,Blora,-6.969719,111.414923,95.0,7,1957.289,927961,
33.17,33,Jawa Tengah,Kabupaten,Kabupaten Rembang,Rembang,-6.703466,111.342621,9.0,7,1038.32,665501,
33.18,33,Jawa Tengah,Kabupaten,Kabupaten Pati,Pati,-6.752227,111.039948,12.0,7,1576.69,1385904,
33.19,33,Jawa Tengah,Kabupaten,Kabupaten Kudus,Kudus,-6.805652,110.842195,28.0,7,447.445,877821,
33.20,33,Jawa Tengah,Kabupaten,Kabupaten Jepara,Jepara,-6.590094,110.66813,7.0,7,1020.124,1283687,
33.21,33,Jawa Tengah,Kabupaten,Kabupaten Demak,Demak,-6.891355,110.638389,10.0,7,970.077,1254204,
33.22,33,Jawa Tengah,Kabupaten,Kabupaten Semarang,	Ungaran,-7.128957,110.404091,322.0,7,1019.27,1088729,
33.23,33,Jawa Tengah,Kabupaten,Kabupaten Temanggung,Temanggung,-7.315316,110.181892,579.0,7,864.834,822880,
33.24,33,Jawa Tengah,Kabupaten,Kabupaten Kendal,Kendal,-6.922837,110.203567,9.0,7,1006.174,1094214,
33.25,33,Jawa Tengah,Kabupaten,Kabupaten Batang,Batang,-6.910711,109.729682,9.0,7,857.073,855878,
33.26,33,Jawa Tengah,Kabupaten,Kabupaten Pekalongan,Kajen,-7.025036,109.591145,46.0,7,892.578,1034241,
33.27,33,Jawa Tengah,Kabupaten,Kabupaten Pemalang,Pemalang,-6.893151,109.380719,11.0,7,1135.757,1601007,
33.28,33,Jawa Tengah,Kabupaten,Kabupaten Tegal,Slawi,-6.995408,109.127895,47.0,7,983.713,1745278,
33.29,33,Jawa Tengah,Kabupaten,Kabupaten Brebes,Brebes,-6.870111,109.039211,8.0,7,1754.77,2066426,
33.71,33,Jawa Tengah,Kota,Kota Magelang,Magelang,-7.503711,110.221471,348.0,7,18.558,128709,
33.72,33,Jawa Tengah,Kota,Kota Surakarta,Surakarta,-7.569261,110.82946,95.0,7,46.802,589242,
33.73,33,Jawa Tengah,Kota,Kota Salatiga,Salatiga,-7.330437,110.50083,584.0,7,54.983,198971,
33.74,33,Jawa Tengah,Kota,Kota Semarang,Semarang,-6.98168,110.412234,11.0,7,374.747,1702379,
33.75,33,Jawa Tengah,Kota,Kota Pekalongan,Pekalongan,-6.89695,109.662081,9.0,7,46.076,318221,
33.76,33,Jawa Tengah,Kota,Kota Tegal,Tegal,-6.870409,109.137416,6.0,7,39.08,294477,
34.01,34,Daerah Istimewa Yogyakarta,Kabupaten,Kabupaten Kulon Progo,Wates,-7.857809,110.159161,24.0,7,576.803,444994,
34.02,34,Daerah Istimewa Yogyakarta,Kabupaten,Kabupaten Bantul,Bantul,-7.88619,110.327838,48.0,7,511.527,980269,
34.03,34,Daerah Istimewa Yogyakarta,Kabupaten,Kabupaten Gunungkidul,Wonosari,-7.96408,110.601538,174.0,7,1475.465,776926,
34.04,34,Daerah Istimewa Yogyakarta,Kabupaten,Kabupaten Sleman,Sleman,-7.716547,110.355773,207.0,7,573.749,1125571,
34.71,34,Daerah Istimewa Yogyakarta,Kota,Kota Yogyakarta,Yogyakarta,-7.799905,110.391371,110.0,7,32.819,415605,
35.01,35,Jawa Timur,Kabupaten,Kabupaten Pacitan,Pacitan,-8.194485,111.103165,10.0,7,1434.818,588718,
35.02,35,Jawa Timur,Kabupaten,Kabupaten Ponorogo,Ponorogo,-7.870874,111.462549,101.0,7,1418.618,979008,
35.03,35,Jawa Timur,Kabupaten,Kabupaten Trenggalek,Trenggalek,-8.04791,111.709151,116.0,7,1249.367,753810,
35.04,35,Jawa Timur,Kabupaten,Kabupaten Tulungagung,Tulungagung,-8.064365,111.90068,90.0,7,1144.856,1139224,
35.05,35,Jawa Timur,Kabupaten,Kabupaten Blitar,Kanigoro,-8.123931,112.213074,180.0,7,1745.383,1261699,
35.06,35,Jawa Timur,Kabupaten,Kabupaten Kediri,Ngasem,-7.802165,112.041114,72.0,7,1523.563,1691976,
35.07,35,Jawa Timur,Kabupaten,Kabupaten Malang,Kepanjen,-8.105459,112.573291,359.0,7,3473.747,2734623,
35.08,35,Jawa Timur,Kabupaten,Kabupaten Lumajang,Lumajang,-8.135206,113.224395,57.0,7,1796.489,1116231,
35.09,35,Jawa Timur,Kabupaten,Kabupaten Jember,Jember,-8.169671,113.702151,92.0,7,3314.358,2615874,
35.10,35,Jawa Timur,Kabupaten,Kabupaten Banyuwangi,Banyuwangi,-8.223037,114.366435,20.0,7,3593.849,1791789,
35.11,35,Jawa Timur,Kabupaten,Kabupaten Bondowoso,Bondowoso,-7.914445,113.821851,260.0,7,1554.992,788007,
35.12,35,Jawa Timur,Kabupaten,Kabupaten Situbondo,Situbondo,-7.707341,114.001775,31.0,7,1654.705,691635,
35.13,35,Jawa Timur,Kabupaten,Kabupaten Probolinggo,Kraksaan,-7.761819,113.415973,9.0,7,1725.171,1200931,
35.14,35,Jawa Timur,Kabupaten,Kabupaten Pasuruan,Bangil,-7.649012,112.905159,12.0,7,1493.161,1665922,
35.15,35,Jawa Timur,Kabupaten,Kabupaten Sidoarjo,Sidoarjo,-7.447173,112.718078,5.0,7,724.766,2027874,
35.16,35,Jawa Timur,Kabupaten,Kabupaten Mojokerto,Mojosari,-7.462844,112.43342,25.0,7,984.38,1156144,"Koordinat hampir identik dengan Kota Mojokerto (35.76), bukan Mojosari; belum diverifikasi, perlu dicek"
35.17,35,Jawa Timur,Kabupaten,Kabupaten Jombang,Jombang,-7.556402,112.23461,47.0,7,1109.835,1378005,
35.18,35,Jawa Timur,Kabupaten,Kabupaten Nganjuk,Nganjuk,-7.601983,111.901895,60.0,7,1289.067,1152575,
35.19,35,Jawa Timur,Kabupaten,Kabupaten Madiun,Caruban,-7.538541,111.653483,75.0,7,1113.627,737875,
35.20,35,Jawa Timur,Kabupaten,Kabupaten Magetan,Magetan,-7.656157,111.329269,362.0,7,706.444,692800,
35.21,35,Jawa Timur,Kabupaten,Kabupaten Ngawi,Ngawi,-7.401286,111.445443,57.0,7,1395.804,907002,
35.22,35,Jawa Timur,Kabupaten,Kabupaten Bojonegoro,Bojonegoro,-7.149935,111.881543,24.0,7,2312.627,1366227,
35.23,35,Jawa Timur,Kabupaten,Kabupaten Tuban,Tuban,-6.896104,112.065063,6.0,7,1973.515,1266396,
35.24,35,Jawa Timur,Kabupaten,Kabupaten Lamongan,Lamongan,-7.121035,112.415434,9.0,7,1752.989,1367503,
35.25,35,Jawa Timur,Kabupaten,Kabupaten Gresik,Gresik,-7.170588,112.599676,13.0,7,1264.009,1327497,
35.26,35,Jawa Timur,Kabupaten,Kabupaten Bangkalan,Bangkalan,-7.046392,112.737067,3.0,7,1302.64,1042031,
35.27,35,Jawa Timur,Kabupaten,Kabupaten Sampang,Sampang,-7.187535,113.23734,4.0,7,1229.165,1033926,
35.28,35,Jawa Timur,Kabupaten,Kabupaten Pamekasan,Pamekasan,-7.156884,113.471883,17.0,7,796.241,904965,
35.29,35,Jawa Timur,Kabupaten,Kabupaten Sumenep,Sumenep,-7.014033,113.863526,7.0,7,2083.048,1143002,
35.71,35,Jawa Timur,Kota,Kota Kediri,Kediri,-7.812194,112.014284,71.0,7,67.232,301424,
35.72,35,Jawa Timur,Kota,Kota Blitar,Blitar,-8.099174,112.164554,176.0,7,33.203,161204,
35.73,35,Jawa Timur,Kota,Kota Malang,Malang,-7.977788,112.633836,451.0,7,111.077,889359,
35.74,35,Jawa Timur,Kota,Kota Probolinggo,Probolinggo,-7.753678,113.21424,15.0,7,55.197,243746,
35.75,35,Jawa Timur,Kota,Kota Pasuruan,Pasuruan,-7.647371,112.90855,11.0,7,39.109,213469,
35.76,35,Jawa Timur,Kota,Kota Mojokerto,Mojokerto,-7.462815,112.433446,25.0,7,20.48,142272,
35.77,35,Jawa Timur,Kota,Kota Madiun,Madiun,-7.624397,111.520649,70.0,7,36.126,201733,
35.78,35,Jawa Timur,Kota,Kota Surabaya,Surabaya,-7.258891,112.747039,7.0,7,338.048,3018022,
35.79,35,Jawa Timur,Kota,Kota Batu,Batu,-7.862516,112.513353,911.0,7,194.17,225408,
36.01,36,Banten,Kabupaten,Kabupaten Pandeglang,Pandeglang,-6.316855,106.114794,187.0,7,2771.488,1437046,
36.02,36,Banten,Kabupaten,Kabupaten Lebak,Rangkasbitung,-6.360767,106.246187,26.0,7,3312.298,1531564,
36.03,36,Banten,Kabupaten,Kabupaten Tangerang,Tigaraksa,-6.26963,106.484405,32.0,7,1028.335,3459706,
36.04,36,Banten,Kabupaten,Kabupaten Serang,Ciruas,-6.115303,106.152015,31.0,7,1471.543,1791795,
36.71,36,Banten,Kota,Kota Tangerang,Tangerang,-6.164362,106.641071,11.0,7,178.347,1957349,
36.72,36,Banten,Kota,Kota Cilegon,Cilegon,-6.009809,106.042129,16.0,7,162.578,480378,
36.73,36,Banten,Kota,Kota Serang,Serang,-6.119698,106.173461,29.0,7,266.314,759929,
36.74,36,Banten,Kota,Kota Tangerang Selatan,Tangerang Selatan,-6.321568,106.707742,50.0,7,164.86,1463607,
51.01,51,Bali,Kabupaten,Kabupaten Jembrana,Negara,-8.357301,114.636901,21.0,8,847.515,330221,
51.02,51,Bali,Kabupaten,Kabupaten Tabanan,Tabanan,-8.539498,115.131032,134.0,8,848.539,478393,
51.03,51,Bali,Kabupaten,Kabupaten Badung,Mangupura,-8.601921,115.179145,88.0,8,397.395,537739,
51.04,51,Bali,Kabupaten,Kabupaten Gianyar,Gianyar,-8.540851,115.32411,133.0,8,363.782,504845,
51.05,51,Bali,Kabupaten,Kabupaten Klungkung,Semarapura,-8.534402,115.40298,99.0,8,312.115,223723,
51.06,51,Bali,Kabupaten,Kabupaten Bangli,Bangli,-8.461763,115.352477,412.0,8,526.764,260526,
51.07,51,Bali,Kabupaten,Kabupaten Karangasem,Amlapura,-8.438847,115.612233,114.0,8,838.899,538390,
51.08,51,Bali,Kabupaten,Kabupaten Buleleng,Singaraja,-8.12516,115.092849,56.0,8,1322.124,828156,
51.71,51,Bali,Kota,Kota Denpasar,Denpasar,-8.654459,115.216533,32.0,8,125.694,673270,
52.01,52,Nusa Tenggara Barat,Kabupaten,Kabupaten Lombok Barat,Gerung,-8.681396,116.136705,23.0,8,919.44,762757,
52.02,52,Nusa Tenggara Barat,Kabupaten,Kabupaten Lombok Tengah,Praya,-8.706132,116.270034,107.0,8,1167.029,1128716,
52.03,52,Nusa Tenggara Barat,Kabupaten,Kabupaten Lombok Timur,Selong,-8.650939,116.529654,161.0,8,1602.377,1457591,
52.04,52,Nusa Tenggara Barat,Kabupaten,Kabupaten Sumbawa,Sumbawa Besar,-8.489512,117.419689,14.0,8,6645.723,527715,
52.05,52,Nusa Tenggara Barat,Kabupaten,Kabupaten Dompu,Dompu,-8.534112,118.464749,32.0,8,2270.36,277837,
52.06,52,Nusa Tenggara Barat,Kabupaten,Kabupaten Bima,Woha,-8.556533,118.670158,3.0,8,4208.861,543582,
52.07,52,Nusa Tenggara Barat,Kabupaten,Kabupaten Sumbawa Barat,Taliwang,-8.75391,116.854265,11.0,8,1739.564,156059,
52.08,52,Nusa Tenggara Barat,Kabupaten,Kabupaten Lombok Utara,Tanjung,-8.356335,116.15927,12.0,8,810.185,269989,
52.71,52,Nusa Tenggara Barat,Kota,Kota Mataram,Mataram,-8.582729,116.108138,27.0,8,60.063,461936,
52.72,52,Nusa Tenggara Barat,Kota,Kota Bima,Bima,-8.461655,118.74872,21.0,8,208.389,165113,
53.01,53,Nusa Tenggara Timur,Kabupaten,Kabupaten Kupang,Oelamasi,-10.072767,123.864463,27.0,8,5130.659,391539,
53.02,53,Nusa Tenggara Timur,Kabupaten,Kabupaten Timor Tengah Selatan,Soe,-9.851781,124.266481,905.0,8,3931.747,490642,
53.03,53,Nusa Tenggara Timur,Kabupaten,Kabupaten Timor Tengah Utara,Kefamenanu,-9.456935,124.475088,394.0,8,2622.293,276032,
53.04,53,Nusa Tenggara Timur,Kabupaten,Kabupaten Belu,Atambua,-9.105891,124.873577,405.0,8,1126.77,232788,
53.05,53,Nusa Tenggara Timur,Kabupaten,Kabupaten Alor,Kalabahi,-8.209309,124.573464,48.0,8,2918.753,229730,
53.06,53,Nusa Tenggara Timur,Kabupaten,Kabupaten Flores Timur,Larantuka,-8.326455,123.003111,25.0,8,1741.064,289881,
53.07,53,Nusa Tenggara Timur,Kabupaten,Kabupaten Sikka,Maumere,-8.616591,122.208082,17.0,8,1669.713,346614,
53.08,53,Nusa Tenggara Timur,Kabupaten,Kabupaten Ende,Ende,-8.843445,121.66223,31.0,8,2084.076,283806,
53.09,53,Nusa Tenggara Timur,Kabupaten,Kabupaten Ngada,Bajawa,-8.785173,120.97473,1201.0,8,1736.735,169445,
53.10,53,Nusa Tenggara Timur,Kabupaten,Kabupaten Manggarai,Ruteng,-8.611447,120.464299,1173.0,8,1343.335,349836,
53.11,53,Nusa Tenggara Timur,Kabupaten,Kabupaten Sumba Timur,Waingapu,-9.660788,120.261319,62.0,8,6975.198,277290,
53.12,53,Nusa Tenggara Timur,Kabupaten,Kabupaten Sumba Barat,Waikabubak,-9.647322,119.394007,430.0,8,755.836,141760,
53.13,53,Nusa Tenggara Timur,Kabupaten,Kabupaten Lembata,Lewoleba,-8.359888,123.459243,39.0,8,1263.767,149921,
53.14,53,Nusa Tenggara Timur,Kabupaten,Kabupaten Rote Ndao,Baa,-10.757803,123.062591,152.0,8,1277.256,154027,
53.15,53,Nusa Tenggara Timur,Kabupaten,Kabupaten Manggarai Barat,Labuan Bajo,-8.495965,119.894299,72.0,8,3120.028,290688,
53.16,53,Nusa Tenggara Timur,Kabupaten,Kabupaten Nagekeo,Mbay,-8.575463,121.281129,36.0,8,1397.969,164457,
53.17,53,Nusa Tenggara Timur,Kabupaten,Kabupaten Sumba Tengah,Waibakul,-9.622679,119.600435,432.0,8,1786.436,92138,
53.18,53,Nusa Tenggara Timur,Kabupaten,Kabupaten Sumba Barat Daya,Tambolaka,-9.391735,119.180992,43.0,8,1381.943,355022,
53.19,53,Nusa Tenggara Timur,Kabupaten,Kabupaten Manggarai Timur,Borong,-8.749471,120.608619,269.0,8,2389.499,305268,
53.20,53,Nusa Tenggara Timur,Kabupaten,Kabupaten Sabu Raijua,Seba,-10.452783,121.878033,55.0,8,457.14,94860,
53.21,53,Nusa Tenggara Timur,Kabupaten,Kabupaten Malaka,Betun,-9.444597,124.91758,217.0,8,1109.003,210908,
53.71,53,Nusa Tenggara Timur,Kota,Kota Kupang,Kupang,-10.153896,123.61939,59.0,8,158.885,404120,
61.01,61,Kalimantan Barat,Kabupaten,Kabupaten Sambas,Sambas,1.361092,109.3285,9.0,7,5928.221,651246,
61.02,61,Kalimantan Barat,Kabupaten,Kabupaten Mempawah,Mempawah,0.350738,108.962476,3.0,7,1934.827,314148,
61.03,61,Kalimantan Barat,Kabupaten,Kabupaten Sanggau,Sanggau,0.123484,110.596046,13.0,7,12452.224,499074,
61.04,61,Kalimantan Barat,Kabupaten,Kabupaten Ketapang,Ketapang,-1.844228,109.978939,7.0,7,30012.023,583541,
61.05,61,Kalimantan Barat,Kabupaten,Kabupaten Sintang,Sintang,0.078653,111.495484,30.0,7,22025.788,457204,
61.06,61,Kalimantan Barat,Kabupaten,Kabupaten Kapuas Hulu,Putussibau,0.879257,112.925391,35.0,7,31318.246,276988,
61.07,61,Kalimantan Barat,Kabupaten,Kabupaten Bengkayang,Bengkayang,0.869104,109.497491,80.0,7,5488.322,295966,
61.08,61,Kalimantan Barat,Kabupaten,Kabupaten Landak,Ngabang,0.374789,109.93827,42.0,7,8430.711,415033,
61.09,61,Kalimantan Barat,Kabupaten,Kabupaten Sekadau,Sekadau,0.00719,110.954719,30.0,7,5979.044,225494,
61.10,61,Kalimantan Barat,Kabupaten,Kabupaten Melawi,Nanga Pinoh,-0.376928,111.764366,47.0,7,10122.513,217600,
61.11,61,Kalimantan Barat,Kabupaten,Kabupaten Kayong Utara,Sukadana,-1.253325,109.95438,26.0,7,4108.533,126898,
61.12,61,Kalimantan Barat,Kabupaten,Kabupaten Kubu Raya,Sungai Raya,-0.126859,109.403956,2.0,7,8549.057,646091,
61.71,61,Kalimantan Barat,Kota,Kota Pontianak,Pontianak,-0.022086,109.338104,5.0,7,118.209,687031,
61.72,61,Kalimantan Barat,Kota,Kota Singkawang,Singkawang,0.904786,108.977405,3.0,7,550.345,249954,
62.01,62,Kalimantan Tengah,Kabupaten,Kabupaten Kotawaringin Barat,Pangkalan Bun,-2.692217,111.634341,21.0,7,9475.854,294602,
62.02,62,Kalimantan Tengah,Kabupaten,Kabupaten Kotawaringin Timur,Sampit,-2.537536,112.941011,8.0,7,15541.88,454515,
62.03,62,Kalimantan Tengah,Kabupaten,Kabupaten Kapuas,Kuala Kapuas,-2.964466,114.416134,7.0,7,17033.54,417854,
62.04,62,Kalimantan Tengah,Kabupaten,Kabupaten Barito Selatan,Buntok,-1.718999,114.845131,10.0,7,6267.084,137914,
62.05,62,Kalimantan Tengah,Kabupaten,Kabupaten Barito Utara,Muara Teweh,-0.952075,114.898454,32.0,7,9984.808,159848,
62.06,62,Kalimantan Tengah,Kabupaten,Kabupaten Katingan,	Kasongan,-1.880719,113.399176,24.0,7,20380.503,181963,
62.07,62,Kalimantan Tengah,Kabupaten,Kabupaten Seruyan,Kuala Pembuang,-3.413843,112.541704,9.0,7,15211.714,159849,
62.08,62,Kalimantan Tengah,Kabupaten,Kabupaten Sukamara,Sukamara,-2.760534,111.17663,22.0,7,3310.13,67234,
62.09,62,Kalimantan Tengah,Kabupaten,Kabupaten Lamandau,Nanga Bulik,-2.184822,111.42762,31.0,7,7632.394,114257,
62.10,62,Kalimantan Tengah,Kabupaten,Kabupaten Gunung Mas,Kuala Kurun,-1.127259,113.843872,90.0,7,9305.756,134482,
62.11,62,Kalimantan Tengah,Kabupaten,Kabupaten Pulang Pisau,Pulang Pisau,-2.716435,114.30473,7.0,7,9650.158,144663,
62.12,62,Kalimantan Tengah,Kabupaten,Kabupaten Murung Raya,Puruk Cahu,-0.640207,114.568746,56.0,7,23575.328,124291,
62.13,62,Kalimantan Tengah,Kabupaten,Kabupaten Barito Timur,Tamiang Layang,-2.115345,115.169201,26.0,7,3212.515,118665,
62.71,62,Kalimantan Tengah,Kota,Kota Palangkaraya,Palangka Raya,-2.173996,113.88027,12.0,7,2848.699,315153,
63.01,63,Kalimantan Selatan,Kabupaten,Kabupaten Tanah Laut,Pelaihari,-3.799467,114.782551,25.0,8,3841.157,369818,
63.02,63,Kalimantan Selatan,Kabupaten,Kabupaten Kotabaru,Kotabaru,-3.236239,116.227975,8.0,8,9345.91,332787,
63.03,63,Kalimantan Selatan,Kabupaten,Kabupaten Banjar,Martapura,-3.408735,114.848156,13.0,8,4588.37,590393,
63.04,63,Kalimantan Selatan,Kabupaten,Kabupaten Barito Kuala,Marabahan,-2.978339,114.765795,7.0,8,2425.829,329799,
63.05,63,Kalimantan Selatan,Kabupaten,Kabupaten Tapin,Rantau,-2.932106,115.163298,9.0,8,2155.939,202061,
63.06,63,Kalimantan Selatan,Kabupaten,Kabupaten Hulu Sungai Selatan,Kandangan,-2.78651,115.265945,18.0,8,1697.224,239471,
63.07,63,Kalimantan Selatan,Kabupaten,Kabupaten Hulu Sungai Tengah,Barabai,-2.584768,115.384532,17.0,8,1573.538,271505,
63.08,63,Kalimantan Selatan,Kabupaten,Kabupaten Hulu Sungai Utara,Amuntai,-2.418873,115.254335,14.0,8,907.491,238250,
63.09,63,Kalimantan Selatan,Kabupaten,Kabupaten Tabalong,Tanjung,-2.164354,115.382357,24.0,8,3473.069,267787,
63.10,63,Kalimantan Selatan,Kabupaten,Kabupaten Tanah Bumbu,Batulicin,-3.48324,115.946814,30.0,8,4884.861,357221,
63.11,63,Kalimantan Selatan,Kabupaten,Kabupaten Balangan,Paringin,-2.363568,115.471082,55.0,8,1828.513,138950,
63.71,63,Kalimantan Selatan,Kota,Kota Banjarmasin,Banjarmasin,-3.327491,114.588999,7.0,8,98.372,681693,
63.72,63,Kalimantan Selatan,Kota,Kota Banjarbaru,Banjarbaru,-3.438617,114.831061,31.0,8,305.153,285546,
64.01,64,Kalimantan Timur,Kabupaten,Kabupaten Paser,Tana Paser,-1.910435,116.191329,5.0,8,10780.677,309667,
64.02,64,Kalimantan Timur,Kabupaten,Kabupaten Kutai Kartanegara,Tenggarong,-0.44278,116.998671,5.0,8,26912.065,806964,
64.03,64,Kalimantan Timur,Kabupaten,Kabupaten Berau,Tanjung Redeb,2.150032,117.507601,7.0,8,20999.287,299005,
64.07,64,Kalimantan Timur,Kabupaten,Kabupaten Kutai Barat,Sendawar,-0.236548,115.696433,170.0,8,13611.168,186581,
64.08,64,Kalimantan Timur,Kabupaten,Kabupaten Kutai Timur,Sangatta,0.525682,117.608218,33.0,8,31572.691,448850,
64.09,64,Kalimantan Timur,Kabupaten,Kabupaten Penajam Paser Utara,Penajam,-1.308203,116.726904,27.0,8,3197.199,202067,
64.11,64,Kalimantan Timur,Kabupaten,Kabupaten Mahakam Ulu,Ujoh Bilang,0.505681,115.270807,41.0,8,18492.238,39715,
64.71,64,Kalimantan Timur,Kota,Kota Balikpapan,Balikpapan,-1.276337,116.82776,8.0,8,509.45,757418,
64.72,64,Kalimantan Timur,Kota,Kota Samarinda,Samarinda,-0.491365,117.14598,24.0,8,716.783,881225,
64.74,64,Kalimantan Timur,Kota,Kota Bontang,Bontang,0.069549,117.444199,44.0,8,160.2,191811,
65.01,65,Kalimantan Utara,Kabupaten,Kabupaten Bulungan,Tanjung Selor,2.840859,117.398078,11.0,8,13719.983,170239,
65.02,65,Kalimantan Utara,Kabupaten,Kabupaten Malinau,Malinau,3.551933,116.622085,16.0,8,38901.819,87582,
65.03,65,Kalimantan Utara,Kabupaten,Kabupaten Nunukan,Nunukan,4.077076,117.718911,19.0,8,13549.868,227460,
65.04,65,Kalimantan Utara,Kabupaten,Kabupaten Tana Tidung,Tideng Pale,3.602267,116.902751,66.0,8,3481.039,30036,
65.71,65,Kalimantan Utara,Kota,Kota Tarakan,Tarakan,3.313743,117.604855,14.0,8,248.177,255310,
71.01,71,Sulawesi Utara,Kabupaten,Kabupaten Bolaang Mongondow,Lolak,0.870606,124.024404,15.0,8,3291.237,257378,
71.02,71,Sulawesi Utara,Kabupaten,Kabupaten Minahasa,Tondano,1.300764,124.91087,693.0,8,1128.25,330843,
71.03,71,Sulawesi Utara,Kabupaten,Kabupaten Kepulauan Sangihe,Tahuna,3.612452,125.499643,34.0,8,596.459,135860,
71.04,71,Sulawesi Utara,Kabupaten,Kabupaten Kepulauan Talaud,Melonguane,4.005792,126.681884,41.0,8,1009.738,100376,
71.05,71,Sulawesi Utara,Kabupaten,Kabupaten Minahasa Selatan,Amurang,1.213251,124.59717,14.0,8,1455.907,243297,
71.06,71,Sulawesi Utara,Kabupaten,Kabupaten Minahasa Utara,Airmadidi,1.459061,124.97473,321.0,8,992.981,229231,
71.07,71,Sulawesi Utara,Kabupaten,Kabupaten Minahasa Tenggara,Ratahan,1.041813,124.797621,299.0,8,752.788,121554,
71.08,71,Sulawesi Utara,Kabupaten,Kabupaten Bolaang Mongondow Utara,	Boroko,0.906457,123.259051,7.0,8,1643.863,88002,
71.09,71,Sulawesi Utara,Kabupaten,Kabupaten Kep. Siau Tagulandang Biaro,Ondong Siau,2.744597,125.362288,34.0,8,215.611,70528,
71.10,71,Sulawesi Utara,Kabupaten,Kabupaten Bolaang Mongondow Timur,Tutuyan,0.768523,124.613173,25.0,8,859.683,91344,
71.11,71,Sulawesi Utara,Kabupaten,Kabupaten Bolaang Mongondow Selatan,Molibagu,0.38354,124.047884,40.0,8,1772.832,76105,
71.71,71,Sulawesi Utara,Kota,Kota Manado,Manado,1.484554,124.849125,10.0,8,161.76,459409,
71.72,71,Sulawesi Utara,Kota,Kota Bitung,Bitung,1.445396,125.181983,10.0,8,329.363,216026,
71.73,71,Sulawesi Utara,Kota,Kota Tomohon,Tomohon,1.314525,124.827447,778.0,8,169.064,103812,
71.74,71,Sulawesi Utara,Kota,Kota Kotamobagu,Kotamobagu,0.743497,124.312668,254.0,8,108.893,121526,
72.01,72,Sulawesi Tengah,Kabupaten,Kabupaten Banggai,Luwuk,-0.994323,122.788538,124.0,8,8241.143,377804,
72.02,72,Sulawesi Tengah,Kabupaten,Kabupaten Poso,Poso,-1.395202,120.754824,14.0,8,7544.965,253350,
72.03,72,Sulawesi Tengah,Kabupaten,Kabupaten Donggala,Banawa,-0.678464,119.752574,56.0,8,5122.736,318613,
72.04,72,Sulawesi Tengah,Kabupaten,Kabupaten Toli-Toli,Tolitoli,1.018493,120.798023,7.0,8,3695.945,242783,
72.05,72,Sulawesi Tengah,Kabupaten,Kabupaten Buol,Buol,1.169078,121.409756,65.0,8,3719.205,162273,
72.06,72,Sulawesi Tengah,Kabupaten,Kabupaten Morowali,Bungku,-2.480863,121.934285,6.0,8,4433.535,198968,
72.07,72,Sulawesi Tengah,Kabupaten,Kabupaten Banggai Kepulauan,Salakan,-1.311904,123.298444,102.0,8,2378.048,130008,
72.08,72,Sulawesi Tengah,Kabupaten,Kabupaten Parigi Moutong,Parigi,-0.805427,120.160323,27.0,8,5800.059,461576,
72.09,72,Sulawesi Tengah,Kabupaten,Kabupaten Tojo Una Una,Ampana,-0.914651,121.588521,85.0,8,5565.953,173534,
72.10,72,Sulawesi Tengah,Kabupaten,Kabupaten Sigi,Sigi Biromaru,-1.047398,119.950341,152.0,8,5225.435,273460,
72.11,72,Sulawesi Tengah,Kabupaten,Kabupaten Banggai Laut,Banggai,-1.606292,123.496387,21.0,8,680.306,77830,
72.12,72,Sulawesi Tengah,Kabupaten,Kabupaten Morowali Utara,Kolonodale,-1.977283,121.335508,57.0,8,8733.733,154004,
72.71,72,Sulawesi Tengah,Kota,Kota Palu,Palu,-0.89996,119.891022,66.0,8,355.92,395291,
73.01,73,Sulawesi Selatan,Kabupaten,Kabupaten Kepulauan Selayar,Benteng,-6.120175,120.466346,16.0,8,1163.383,143096,
73.02,73,Sulawesi Selatan,Kabupaten,Kabupaten Bulukumba,Bulukumba,-5.558244,120.193081,9.0,8,1175.562,480672,
73.03,73,Sulawesi Selatan,Kabupaten,Kabupaten Bantaeng,Bantaeng,-5.553154,119.967186,13.0,8,390.95,217267,
73.04,73,Sulawesi Selatan,Kabupaten,Kabupaten Jeneponto,Bontosunggu,-5.676945,119.74939,30.0,8,795.131,423005,
73.05,73,Sulawesi Selatan,Kabupaten,Kabupaten Takalar,Pattallassang,-5.425459,119.440631,5.0,8,553.206,332863,
73.06,73,Sulawesi Selatan,Kabupaten,Kabupaten Gowa,Sungguminasa,-5.199807,119.45319,13.0,8,1812.988,825369,
73.07,73,Sulawesi Selatan,Kabupaten,Kabupaten Sinjai,Balangnipa,-5.119899,120.235444,88.0,8,865.695,276269,
73.08,73,Sulawesi Selatan,Kabupaten,Kabupaten Bone,Watampone,-4.539252,120.309255,38.0,8,4568.033,827372,
73.09,73,Sulawesi Selatan,Kabupaten,Kabupaten Maros,Turikale,-5.016149,119.574459,5.0,8,1443.788,414406,
73.10,73,Sulawesi Selatan,Kabupaten,Kabupaten Pangkajene dan Kepulauan,Pangkajene,-4.845732,119.559829,2.0,8,883.553,361791,
73.11,73,Sulawesi Selatan,Kabupaten,Kabupaten Barru,Barru,-4.414041,119.617294,5.0,8,1201.322,196001,
73.12,73,Sulawesi Selatan,Kabupaten,Kabupaten Soppeng,Watansoppeng,-4.36445,119.897772,106.0,8,1385.546,241333,
73.13,73,Sulawesi Selatan,Kabupaten,Kabupaten Wajo,Sengkang,-4.112072,120.027156,40.0,8,2505.492,400699,
73.14,73,Sulawesi Selatan,Kabupaten,Kabupaten Sidenreng Rappang,Pangkajene Sidenreng,-3.933053,119.769305,29.0,8,1935.326,332560,
73.15,73,Sulawesi Selatan,Kabupaten,Kabupaten Pinrang,Pinrang,-3.809259,119.650003,11.0,8,1895.008,423146,
73.16,73,Sulawesi Selatan,Kabupaten,Kabupaten Enrekang,Enrekang,-3.58833,119.770301,56.0,8,1806.816,234470,
73.17,73,Sulawesi Selatan,Kabupaten,Kabupaten Luwu,Belopa,-3.394692,120.36551,16.0,8,2901.696,385361,
73.18,73,Sulawesi Selatan,Kabupaten,Kabupaten Tana Toraja,Makale,-3.086543,119.857083,767.0,8,2043.623,258934,
73.22,73,Sulawesi Selatan,Kabupaten,Kabupaten Luwu Utara,Masamba,-2.549854,120.346158,61.0,8,7422.257,335161,
73.24,73,Sulawesi Selatan,Kabupaten,Kabupaten Luwu Timur,Malili,-2.616248,121.124106,74.0,8,6745.772,323422,
73.26,73,Sulawesi Selatan,Kabupaten,Kabupaten Toraja Utara,Rantepao,-2.973621,119.894821,779.0,8,1289.134,266513,
73.71,73,Sulawesi Selatan,Kota,Kota Makassar,Makassar,-5.133216,119.407837,6.0,8,177.174,1482354,
73.72,73,Sulawesi Selatan,Kota,Kota Parepare,Parepare,-4.027782,119.633328,79.0,8,89.626,163314,
73.73,73,Sulawesi Selatan,Kota,Kota Palopo,Palopo,-3.008386,120.201564,12.0,8,272.894,182898,
74.01,74,Sulawesi Tenggara,Kabupaten,Kabupaten Kolaka,Kolaka,-4.060809,121.616119,16.0,8,2958.87,257733,
74.02,74,Sulawesi Tenggara,Kabupaten,Kabupaten Konawe,Unaaha,-3.854234,122.042727,41.0,8,5352.922,269128,
74.03,74,Sulawesi Tenggara,Kabupaten,Kabupaten Muna,Raha,-4.797871,122.718959,37.0,8,1856.91,233470,
74.04,74,Sulawesi Tenggara,Kabupaten,Kabupaten Buton,Pasarwajo,-5.495774,122.840139,42.0,8,1664.982,122024,
74.05,74,Sulawesi Tenggara,Kabupaten,Kabupaten Konawe Selatan,Andolo,-4.332036,122.281315,120.0,8,4234.214,332389,
74.06,74,Sulawesi Tenggara,Kabupaten,Kabupaten Bombana,Rumbia,-4.747235,122.011093,11.0,8,3291.922,168055,
74.07,74,Sulawesi Tenggara,Kabupaten,Kabupaten Wakatobi,Wangi-Wangi,-5.3283,123.538901,556.0,8,450.8,118793,Bujur dikoreksi dari 23.5389 (salah ketik di sumber) menjadi 123.5389
74.08,74,Sulawesi Tenggara,Kabupaten,Kabupaten Kolaka Utara,Lasusua,-3.490135,120.887528,45.0,8,2931.677,143604,
74.09,74,Sulawesi Tenggara,Kabupaten,Kabupaten Konawe Utara,Wanggudu,-3.512353,122.110732,22.0,8,4219.214,83449,
74.10,74,Sulawesi Tenggara,Kabupaten,Kabupaten Buton Utara,Buranga,-4.801007,122.983095,61.0,8,1752.37,74718,
74.11,74,Sulawesi Tenggara,Kabupaten,Kabupaten Kolaka Timur,Tirawuta,-4.00051,121.86195,213.0,8,3992.531,130691,
74.12,74,Sulawesi Tenggara,Kabupaten,Kabupaten Konawe Kepulauan,Langara,-4.052608,122.988585,8.0,8,704.184,44091,
74.13,74,Sulawesi Tenggara,Kabupaten,Kabupaten Muna Barat,Sawerigadi,-4.791714,122.494184,19.0,8,816.717,91571,
74.14,74,Sulawesi Tenggara,Kabupaten,Kabupaten Buton Tengah,Labungkari,-5.316414,122.531979,7.0,8,835.562,121745,
74.15,74,Sulawesi Tenggara,Kabupaten,Kabupaten Buton Selatan,Batauga,-5.608165,122.600622,11.0,8,516.479,102881,
74.71,74,Sulawesi Tenggara,Kota,Kota Kendari,Kendari,-3.972902,122.511741,15.0,8,265.845,366454,
74.72,74,Sulawesi Tenggara,Kota,Kota Bau Bau,Bau-Bau,-5.485072,122.584799,132.0,8,294.104,163793,
75.01,75,Gorontalo,Kabupaten,Kabupaten Gorontalo,Limboto,0.629003,122.980938,18.0,8,2160.183,423981,
75.02,75,Gorontalo,Kabupaten,Kabupaten Boalemo,Tilamuta,0.529272,122.347542,13.0,8,1831.637,152851,
75.03,75,Gorontalo,Kabupaten,Kabupaten Bone Bolango,Suwawa,0.557411,123.143917,58.0,8,1888.935,174788,
75.04,75,Gorontalo,Kabupaten,Kabupaten Pohuwato,Marisa,0.705528,121.719546,317.0,8,4370.656,162989,
75.05,75,Gorontalo,Kabupaten,Kabupaten Gorontalo Utara,Kwandang,0.79095,122.868715,11.0,8,1702.746,131991,
75.71,75,Gorontalo,Kota,Kota Gorontalo,Gorontalo,0.531906,123.059503,4.0,8,70.825,204360,
76.01,76,Sulawesi Barat,Kabupaten,Kabupaten Pasangkayu,Pasangkayu,-1.173745,119.377237,7.0,8,2901.704,183376,
76.02,76,Sulawesi Barat,Kabupaten,Kabupaten Mamuju,Mamuju,-2.689749,118.884534,31.0,8,4942.041,288382,
76.03,76,Sulawesi Barat,Kabupaten,Kabupaten Mamasa,Mamasa,-2.955625,119.362864,1108.0,8,3016.13,167611,
76.04,76,Sulawesi Barat,Kabupaten,Kabupaten Polewali Mandar,Polewali,-3.407717,119.311154,10.0,8,2074.191,492339,
76.05,76,Sulawesi Barat,Kabupaten,Kabupaten Majene,Banggae,-3.548096,118.959294,26.0,8,900.525,190223,
76.06,76,Sulawesi Barat,Kabupaten,Kabupaten Mamuju Tengah,Tobadak,-2.081919,119.301015,12.0,8,2756.076,144810,
81.01,81,Maluku,Kabupaten,Kabupaten Maluku Tengah,Masohi,-3.304265,128.954086,13.0,9,8253.421,432361,
81.02,81,Maluku,Kabupaten,Kabupaten Maluku Tenggara,Langgur,-5.682917,132.717277,41.0,9,1016.082,129169,
81.03,81,Maluku,Kabupaten,Kabupaten Kepulauan Tanimbar,,-7.970116,131.312265,57.0,9,4427.811,132337,
81.04,81,Maluku,Kabupaten,Kabupaten Buru,Namlea,-3.259175,127.102782,30.0,9,4914.066,142347,
81.05,81,Maluku,Kabupaten,Kabupaten Seram Bagian Timur,Bula,-3.10375,130.488608,11.0,9,5725.513,140972,
81.06,81,Maluku,Kabupaten,Kabupaten Seram Bagian Barat,Piru,-3.066663,128.230039,86.0,9,5014.238,217389,
81.07,81,Maluku,Kabupaten,Kabupaten Kepulauan Aru,Dobo,-5.775178,134.214588,17.0,9,8090.792,112531,
81.08,81,Maluku,Kabupaten,Kabupaten Maluku Barat Daya,Tiakur,-8.148038,127.80155,26.0,9,4542.633,97020,
81.09,81,Maluku,Kabupaten,Kabupaten Buru Selatan,Namrole,-3.83779,126.734259,25.0,9,3677.854,81329,
81.71,81,Maluku,Kota,Kota Ambon,Ambon,-3.694324,128.181303,11.0,9,236.713,359661,
81.72,81,Maluku,Kota,Kota Tual,Tual,-5.634681,132.751721,38.0,9,234.709,90470,
82.01,82,Maluku Utara,Kabupaten,Kabupaten Halmahera Barat,Jailolo,1.080468,127.480155,27.0,9,2237.391,139764,
82.02,82,Maluku Utara,Kabupaten,Kabupaten Halmahera Tengah,Weda,0.330424,127.870251,41.0,9,2272.261,106500,
82.03,82,Maluku Utara,Kabupaten,Kabupaten Halmahera Utara,Tobelo,1.728187,127.992197,37.0,9,3402.937,206233,
82.04,82,Maluku Utara,Kabupaten,Kabupaten Halmahera Selatan,Labuha,-0.645475,127.504984,91.0,9,8102.0,258564,
82.05,82,Maluku Utara,Kabupaten,Kabupaten Kepulauan Sula,Sanana,-2.006978,125.964145,25.0,9,1777.021,100635,
82.06,82,Maluku Utara,Kabupaten,Kabupaten Halmahera Timur,Maba,0.677443,128.284084,16.0,9,6487.633,100473,
82.07,82,Maluku Utara,Kabupaten,Kabupaten Pulau Morotai,Daruba,2.013297,128.283718,16.0,9,2337.256,82913,
82.08,82,Maluku Utara,Kabupaten,Kabupaten Pulau Taliabu,Bobong,-1.947444,124.387216,7.0,9,2984.011,66361,
82.71,82,Maluku Utara,Kota,Kota Ternate,Ternate,0.785751,127.387846,8.0,9,162.04,210836,
82.72,82,Maluku Utara,Kota,Kota Tidore Kepulauan,Tidore Kepulauan,0.671565,127.446723,30.0,9,1703.427,121952,
91.03,91,Papua,Kabupaten,Kabupaten Jayapura,Sentani,-2.549872,140.477103,140.0,9,14081.935,203772,
91.05,91,Papua,Kabupaten,Kabupaten Kepulauan Yapen,Serui,-1.874067,136.237078,16.0,9,2425.374,116214,
91.06,91,Papua,Kabupaten,Kabupaten Biak Numfor,Biak,-1.170709,136.090193,18.0,9,2258.863,150318,
91.10,91,Papua,Kabupaten,Kabupaten Sarmi,Sarmi,-1.868573,138.744226,9.0,9,,45084,
91.11,91,Papua,Kabupaten,Kabupaten Keerom,Waris,-2.908725,140.773341,49.0,9,9526.315,74332,
91.15,91,Papua,Kabupaten,Kabupaten Waropen,Botawa,-2.240841,136.37945,13.0,9,10781.037,38840,
91.19,91,Papua,Kabupaten,Kabupaten Supiori,Sorendiweri,-0.730682,135.732642,10.0,9,660.681,27965,
91.20,91,Papua,Kabupaten,Kabupaten Mamberamo Raya,Burmeso,-2.370806,138.049868,260.0,9,,41036,
91.71,91,Papua,Kota,Kota Jayapura,Jayapura,-2.562626,140.692633,95.0,9,835.439,404799,
92.02,92,Papua Barat,Kabupaten,Kabupaten Manokwari,Manokwari,-0.890814,134.04012,125.0,9,2764.187,205212,
92.03,92,Papua Barat,Kabupaten,Kabupaten Fak Fak,Fakfak,-2.928858,132.293635,42.0,9,9735.003,93997,
92.06,92,Papua Barat,Kabupaten,Kabupaten Teluk Bintuni,Bintuni,-2.034972,133.731806,55.0,9,84205.0,84205,
92.07,92,Papua Barat,Kabupaten,Kabupaten Teluk Wondama,Rasiei,-2.827693,134.535723,70.0,9,4847.951,47494,
92.08,92,Papua Barat,Kabupaten,Kabupaten Kaimana,Kaimana,-3.639691,133.740067,20.0,9,17878.913,64938,
92.11,92,Papua Barat,Kabupaten,Kabupaten Manokwari Selatan,Ransiki,-1.506395,134.168643,30.0,9,39026.0,39026,
92.12,92,Papua Barat,Kabupaten,Kabupaten Pegunungan Arfak,Anggi,-1.325047,133.91657,1962.0,9,3298.811,41383,
93.01,93,Papua Selatan,Kabupaten,Kabupaten Merauke,Merauke,-8.508696,140.409676,6.0,9,45016.452,255168,
93.02,93,Papua Selatan,Kabupaten,Kabupaten Boven Digoel,Tanah Merah,-6.100404,140.320611,29.0,9,23558.272,71997,
93.03,93,Papua Selatan,Kabupaten,Kabupaten Mappi,Kepi,-6.528146,139.319252,11.0,9,24265.584,114153,
93.04,93,Papua Selatan,Kabupaten,Kabupaten Asmat,Agats,-5.540947,138.13683,3.0,9,25018.661,120902,
94.01,94,Papua Tengah,Kabupaten,Kabupaten Nabire,Nabire,-3.363366,135.503891,13.0,9,11801.987,179174,
94.02,94,Papua Tengah,Kabupaten,Kabupaten Puncak Jaya,Mulia,-3.716208,137.987817,2121.0,9,5986.19,220393,
94.03,94,Papua Tengah,Kabupaten,Kabupaten Paniai,Enarotali,-3.941435,136.421631,1778.0,9,5306.871,125763,
94.04,94,Papua Tengah,Kabupaten,Kabupaten Mimika,Timika,-4.455857,136.853729,72.0,9,18309.723,318679,
94.05,94,Papua Tengah,Kabupaten,Kabupaten Puncak,Ilaga,-3.971609,137.641798,2314.0,9,7701.031,178072,
94.06,94,Papua Tengah,Kabupaten,Kabupaten Dogiyai,Kigamani,-4.004608,136.037762,1561.0,9,3792.928,116706,
94.07,94,Papua Tengah,Kabupaten,Kabupaten Intan Jaya,Sugapa,-3.740529,137.043952,2107.0,9,5334.445,137696,
94.08,94,Papua Tengah,Kabupaten,Kabupaten Deiyai,Tigi,-4.032249,136.298992,1773.0,9,2846.412,92629,
95.01,95,Papua Pegunungan,Kabupaten,Kabupaten Jayawijaya,Wamena,-4.099307,138.943149,1663.0,9,2629.01,276288,
95.02,95,Papua Pegunungan,Kabupaten,Kabupaten Pegunungan Bintang,Oksibil,-4.890903,140.639925,1458.0,9,13751.915,114581,
95.03,95,Papua Pegunungan,Kabupaten,Kabupaten Yahukimo,Sumohai,-4.88695,139.520518,75.0,9,16365.938,356021,
95.04,95,Papua Pegunungan,Kabupaten,Kabupaten Tolikara,Karubaga,-3.682251,138.473485,1578.0,9,4285.333,252031,
95.05,95,Papua Pegunungan,Kabupaten,Kabupaten Mamberamo Tengah,Kobakma,-3.671617,139.060763,1044.0,9,4101.486,50128,
95.06,95,Papua Pegunungan,Kabupaten,Kabupaten Yalimo,Elelim,-3.778853,139.383157,449.0,9,3148.308,105374,
95.07,95,Papua Pegunungan,Kabupaten,Kabupaten Lanny Jaya,Tiom,-3.923599,138.449584,2139.0,9,2339.775,203922,
95.08,95,Papua Pegunungan,Kabupaten,Kabupaten Nduga,Kenyam,-4.406941,138.239355,458.0,9,5886.891,112173,
96.01,96,Papua Barat Daya,Kabupaten,Kabupaten Sorong,Aimas,-0.988156,131.366213,64.0,9,7565.039,129669,
96.02,96,Papua Barat Daya,Kabupaten,Kabupaten Sorong Selatan,Teminabuan,-1.475248,132.085622,49.0,9,6559.597,56979,
96.03,96,Papua Barat Daya,Kabupaten,Kabupaten Raja Ampat,Waisai,-0.418506,130.828791,32.0,9,7425.239,72865,
96.04,96,Papua Barat Daya,Kabupaten,Kabupaten Tambrauw,Fef,-0.497301,132.088098,12.0,9,11961.745,31041,
96.05,96,Papua Barat Daya,Kabupaten,Kabupaten Maybrat,Kumurkek,-1.257254,132.498623,450.0,9,5385.679,46604,
96.71,96,Papua Barat Daya,Kota,Kota Sorong,Sorong,-0.881124,131.28764,8.0,9,205.759,286028,
